company_name,activity_type,role_count,post_count,priority_score,last_updated
CrowdStrike,both,1,5,3,2025-12-03
Palo Alto Networks,both,1,3,3,2025-12-03
Hive,hiring_only,2,0,2,2025-12-03
Okta,hiring_only,2,0,2,2025-12-03
Datadog,hiring_only,2,0,2,2025-12-03
GoodRx,hiring_only,1,0,2,2025-12-03
Meta,hiring_only,1,0,2,2025-12-03
OpenAI,hiring_only,1,0,2,2025-12-03
PayPal,hiring_only,1,0,2,2025-12-03
Gallup,hiring_only,1,0,2,2025-12-03
An On-demand Autonomous Ride-hailing Company,hiring_only,1,0,2,2025-12-03
Sendbird,hiring_only,1,0,2,2025-12-03
Airtable,hiring_only,1,0,2,2025-12-03
Anomali,hiring_only,1,0,2,2025-12-03
Rule4,hiring_only,1,0,2,2025-12-03
Integra Connect,hiring_only,1,0,2,2025-12-03
Veracyte,hiring_only,1,0,2,2025-12-03
ponyai,hiring_only,1,0,2,2025-12-03
xAI,hiring_only,1,0,2,2025-12-03
IT EngagementsInc,hiring_only,1,0,2,2025-12-03
Delve,hiring_only,1,0,2,2025-12-03
Q Bio,hiring_only,1,0,2,2025-12-03
IMAGINEEER,hiring_only,1,0,2,2025-12-03
Clearway Health,hiring_only,1,0,2,2025-12-03
Ursus,hiring_only,1,0,2,2025-12-03
MEDuvi,hiring_only,1,0,2,2025-12-03
Foley,hiring_only,1,0,2,2025-12-03
Pivotal Consulting,hiring_only,1,0,2,2025-12-03
Reveleer,hiring_only,1,0,2,2025-12-03
Quanta Manufacturing Fremont,hiring_only,1,0,2,2025-12-03
NEW CARROT FARMS,hiring_only,1,0,2,2025-12-03
Netflix,hiring_only,1,0,2,2025-12-03
Grammarly,hiring_only,1,0,2,2025-12-03
Zoom,hiring_only,1,0,2,2025-12-03
Intone Networks,hiring_only,1,0,2,2025-12-03
Quantaleap,hiring_only,1,0,2,2025-12-03
Sylabs,hiring_only,1,0,2,2025-12-03
Thrive,hiring_only,1,0,2,2025-12-03
Meriplex,hiring_only,1,0,2,2025-12-03
Asana,hiring_only,1,0,2,2025-12-03
Data Path,hiring_only,1,0,2,2025-12-03
Crowell & Moring,hiring_only,1,0,2,2025-12-03
Minted,hiring_only,1,0,2,2025-12-03
Experis,hiring_only,1,0,2,2025-12-03
Merlin International,hiring_only,1,0,2,2025-12-03
Noble Federal Credit Union,hiring_only,1,0,2,2025-12-03
Fortress Information Security,hiring_only,1,0,2,2025-12-03
Take-Two Interactive Software,hiring_only,1,0,2,2025-12-03
DATAPRISE,hiring_only,1,0,2,2025-12-03
Invoca,hiring_only,1,0,2,2025-12-03
DISRUPTIVE SOLUTIONS,hiring_only,1,0,2,2025-12-03
Defiant Inc dba Wordfence,hiring_only,1,0,2,2025-12-03
Stratascale,hiring_only,1,0,2,2025-12-03
TikTok,hiring_only,1,0,2,2025-12-03
RKON,hiring_only,1,0,2,2025-12-03
NuHarbor Security,hiring_only,1,0,2,2025-12-03
Coalfire,hiring_only,1,0,2,2025-12-03
Integral,hiring_only,1,0,2,2025-12-03
Applied Intuition,hiring_only,1,0,2,2025-12-03
Center For Internet Security,hiring_only,1,0,2,2025-12-03
SHI International,hiring_only,1,0,2,2025-12-03
ZBeta Consulting,hiring_only,1,0,2,2025-12-03
Trimble,hiring_only,1,0,2,2025-12-03
ADRM,hiring_only,1,0,2,2025-12-03
Rubrik Security Cloud,hiring_only,1,0,2,2025-12-03
NST Cyber,hiring_only,1,0,2,2025-12-03
Konica Minolta Business Solutions USA,hiring_only,1,0,2,2025-12-03
Strata Information Group,hiring_only,1,0,2,2025-12-03
IDC,hiring_only,1,0,2,2025-12-03
Faith Group,hiring_only,1,0,2,2025-12-03
Blackwood Associates,hiring_only,1,0,2,2025-12-03
Ascera,hiring_only,1,0,2,2025-12-03
TEECOM,hiring_only,1,0,2,2025-12-03
NetSPI,hiring_only,1,0,2,2025-12-03
Career Mentors,hiring_only,1,0,2,2025-12-03
WaveStrong,hiring_only,1,0,2,2025-12-03
1X Technologies AS,hiring_only,1,0,2,2025-12-03
1Fivetech,hiring_only,1,0,2,2025-12-03
INVAR Technologies,hiring_only,1,0,2,2025-12-03
Happy Returns,hiring_only,1,0,2,2025-12-03
Assured,hiring_only,1,0,2,2025-12-03
WinCo Foods,hiring_only,1,0,2,2025-12-03
MyEyeDr,hiring_only,1,0,2,2025-12-03
CompTech Computer Technologies,hiring_only,1,0,2,2025-12-03
Workato,hiring_only,1,0,2,2025-12-03
Soft,hiring_only,1,0,2,2025-12-03
Ceribell,hiring_only,1,0,2,2025-12-03
Active Cyber,hiring_only,1,0,2,2025-12-03
Anvilogic,hiring_only,1,0,2,2025-12-03
Flex Consulting Group,hiring_only,1,0,2,2025-12-03
AA Cloud,hiring_only,1,0,2,2025-12-03
BlueMatrix,hiring_only,1,0,2,2025-12-03
Smile Digital Health,hiring_only,1,0,2,2025-12-03
Tyto Athene,hiring_only,1,0,2,2025-12-03
Trilagen,hiring_only,1,0,2,2025-12-03
supremesoft,hiring_only,1,0,2,2025-12-03
Contact Government Services,hiring_only,1,0,2,2025-12-03
Xponential Fitness,hiring_only,1,0,2,2025-12-03
DemandTec,hiring_only,1,0,2,2025-12-03
VaaridaTech,hiring_only,1,0,2,2025-12-03
Nerdio,hiring_only,1,0,2,2025-12-03
DoiT,hiring_only,1,0,2,2025-12-03
Owner,hiring_only,1,0,2,2025-12-03
Egnyte,hiring_only,1,0,2,2025-12-03
Flex Employee Services,hiring_only,1,0,2,2025-12-03
BeyondTrust,hiring_only,1,0,2,2025-12-03
Dental Intelligence,hiring_only,1,0,2,2025-12-03
Bulletproof Solutions,hiring_only,1,0,2,2025-12-03
TotalCyber Consulting,hiring_only,1,0,2,2025-12-03
Tec-Tel,hiring_only,1,0,2,2025-12-03
Pax8,hiring_only,1,0,2,2025-12-03
stackArmor,hiring_only,1,0,2,2025-12-03
County of San Mateo,hiring_only,1,0,2,2025-12-03
KnowBe4,hiring_only,1,0,2,2025-12-03
Wix,hiring_only,1,0,2,2025-12-03
Orison Solutions,hiring_only,1,0,2,2025-12-03
PurpleBox,hiring_only,1,0,2,2025-12-03
Core Source Global,hiring_only,1,0,2,2025-12-03
Mind Computing,hiring_only,1,0,2,2025-12-03
Apexon,hiring_only,1,0,2,2025-12-03
BakerHostetler,hiring_only,1,0,2,2025-12-03
Smaya technologies,hiring_only,1,0,2,2025-12-03
InMarket,hiring_only,1,0,2,2025-12-03
Moveworksai,hiring_only,1,0,2,2025-12-03
Palantir Technologies,hiring_only,1,0,2,2025-12-03
IDENTIFY SECURITY,hiring_only,1,0,2,2025-12-03
Physna,hiring_only,1,0,2,2025-12-03
GuidePoint Security,hiring_only,1,0,2,2025-12-03
Meetacross investment,hiring_only,1,0,2,2025-12-03
IXL Learning,hiring_only,1,0,2,2025-12-03
ALPAC,hiring_only,1,0,2,2025-12-03
Ender-IT,hiring_only,1,0,2,2025-12-03
The Phia Group,hiring_only,1,0,2,2025-12-03
Blue River Technology,hiring_only,1,0,2,2025-12-03
Flex Dental,hiring_only,1,0,2,2025-12-03
The Helper Bees,hiring_only,1,0,2,2025-12-03
CallMiner,hiring_only,1,0,2,2025-12-03
Matroid,hiring_only,1,0,2,2025-12-03
Astranis,hiring_only,1,0,2,2025-12-03
Spotline,hiring_only,1,0,2,2025-12-03
ByteDance,hiring_only,1,0,2,2025-12-03
Rivet Industries,hiring_only,1,0,2,2025-12-03
Anza,hiring_only,1,0,2,2025-12-03
Semgrep,hiring_only,1,0,2,2025-12-03
Mercator Intelligence,hiring_only,1,0,2,2025-12-03
Effervescent Consulting,hiring_only,1,0,2,2025-12-03
Saildrone,hiring_only,1,0,2,2025-12-03
RRelocate,hiring_only,1,0,2,2025-12-03
STP,hiring_only,1,0,2,2025-12-03
iBusiness Funding,hiring_only,1,0,2,2025-12-03
Wisdom Tree Technologies,hiring_only,1,0,2,2025-12-03
Integrated Research,hiring_only,1,0,2,2025-12-03
Vantor,hiring_only,1,0,2,2025-12-03
TRICRAFT,hiring_only,1,0,2,2025-12-03
Momentum,hiring_only,1,0,2,2025-12-03
duPont REGISTRY,hiring_only,1,0,2,2025-12-03
RSC2 INC,hiring_only,1,0,2,2025-12-03
Mira Tech,hiring_only,1,0,2,2025-12-03
Outside Analytics,hiring_only,1,0,2,2025-12-03
Synack,hiring_only,1,0,2,2025-12-03
Altenar,hiring_only,1,0,2,2025-12-03
Zone 5 Technologies,hiring_only,1,0,2,2025-12-03
Armis,hiring_only,1,0,2,2025-12-03
Workers Compensation Insurance Rating Bureau,hiring_only,1,0,2,2025-12-03
Wisk Aero,hiring_only,1,0,2,2025-12-03
Shopify,hiring_only,1,0,2,2025-12-03
Control Risks,hiring_only,1,0,2,2025-12-03
ZeroFox,hiring_only,1,0,2,2025-12-03
Group 1001,hiring_only,1,0,2,2025-12-03
Sony Electronics,hiring_only,1,0,2,2025-12-03
Secure Community Network,hiring_only,1,0,2,2025-12-03
Aegis AI,hiring_only,1,0,2,2025-12-03
Sonoma Consulting,hiring_only,1,0,2,2025-12-03
M20 Associates,hiring_only,1,0,2,2025-12-03
BioCatch,hiring_only,1,0,2,2025-12-03
Hoplite Group,hiring_only,1,0,2,2025-12-03
GS Consulting,hiring_only,1,0,2,2025-12-03
Strava,hiring_only,1,0,2,2025-12-03
FlexIT,hiring_only,1,0,2,2025-12-03
Versant Health,hiring_only,1,0,2,2025-12-03
S&P Global,hiring_only,1,0,2,2025-12-03
Govcio,hiring_only,1,0,2,2025-12-03
Quantum World Technologies,hiring_only,1,0,2,2025-12-03
Edgewater Federal Solutions,hiring_only,1,0,2,2025-12-03
AAC,hiring_only,1,0,2,2025-12-03
Robinhood,hiring_only,1,0,2,2025-12-03
Moore,hiring_only,1,0,2,2025-12-03
Delan Associates,hiring_only,1,0,2,2025-12-03
Genoa Employment Solutions,hiring_only,1,0,2,2025-12-03
OSec,hiring_only,1,0,2,2025-12-03
black lantern security,hiring_only,1,0,2,2025-12-03
CyberBullet,hiring_only,1,0,2,2025-12-03
KPMG,hiring_only,1,0,2,2025-12-03
Philadelphia Comapny,hiring_only,1,0,2,2025-12-03
Autoroboto,hiring_only,1,0,2,2025-12-03
ZIRLEN TECHNOLOGIES INCORPORATED,hiring_only,1,0,2,2025-12-03
Quantam Solutions,hiring_only,1,0,2,2025-12-03
TÜV Rheinland Group,hiring_only,1,0,2,2025-12-03
Schellman,hiring_only,1,0,2,2025-12-03
Zync Group,hiring_only,1,0,2,2025-12-03
NVIDIA,hiring_only,1,0,2,2025-12-03
Pinkerton,hiring_only,1,0,2,2025-12-03
Click Therapeutics,hiring_only,1,0,2,2025-12-03
University of California Santa Cruz,hiring_only,1,0,2,2025-12-03
Interclypse,hiring_only,1,0,2,2025-12-03
Trail of Bits,hiring_only,1,0,2,2025-12-03
Symetra Financial,hiring_only,1,0,2,2025-12-03
Highnote,hiring_only,1,0,2,2025-12-03
BREVIAN,hiring_only,1,0,2,2025-12-03
ZBD,hiring_only,1,0,2,2025-12-03
Neteffects,hiring_only,1,0,2,2025-12-03
OpTech,hiring_only,1,0,2,2025-12-03
Modernizing Medicine,hiring_only,1,0,2,2025-12-03
JFrog,hiring_only,1,0,2,2025-12-03
HireRight,hiring_only,1,0,2,2025-12-03
Amplitude,hiring_only,1,0,2,2025-12-03
Cryptocom,hiring_only,1,0,2,2025-12-03
Inversion6,hiring_only,1,0,2,2025-12-03
HJ Staffing,hiring_only,1,0,2,2025-12-03
Apollo Information Systems,hiring_only,1,0,2,2025-12-03
Elteni,hiring_only,1,0,2,2025-12-03
C2 Labs,hiring_only,1,0,2,2025-12-03
Lunar Energy,hiring_only,1,0,2,2025-12-03
BlueAlly,hiring_only,1,0,2,2025-12-03
Comply,hiring_only,1,0,2,2025-12-03
Spring Health,hiring_only,1,0,2,2025-12-03
Wing,hiring_only,1,0,2,2025-12-03
Amigo,hiring_only,1,0,2,2025-12-03
Language Services Associates,hiring_only,1,0,2,2025-12-03
Middesk,hiring_only,1,0,2,2025-12-03
Zania,hiring_only,1,0,2,2025-12-03
Sia,hiring_only,1,0,2,2025-12-03
American Fidelity Assurance,hiring_only,1,0,2,2025-12-03
SNC,hiring_only,1,0,2,2025-12-03
PayNearMe,hiring_only,1,0,2,2025-12-03
TrendUp Now,hiring_only,1,0,2,2025-12-03
NMI,hiring_only,1,0,2,2025-12-03
Climate First Bank,hiring_only,1,0,2,2025-12-03
Macquarie Group,hiring_only,1,0,2,2025-12-03
System One,hiring_only,1,0,2,2025-12-03
Geronimo Power,hiring_only,1,0,2,2025-12-03
Gerald Group,hiring_only,1,0,2,2025-12-03
NETSEA Technologies,hiring_only,1,0,2,2025-12-03
Prometheus Real Estate Group,hiring_only,1,0,2,2025-12-03
Santa Clara Cnty Hsg Auth,hiring_only,1,0,2,2025-12-03
Emigrant Bank,hiring_only,1,0,2,2025-12-03
Scale AI,hiring_only,1,0,2,2025-12-03
Discord,hiring_only,1,0,2,2025-12-03
GoFundMe,hiring_only,1,0,2,2025-12-03
Vibotek,hiring_only,1,0,2,2025-12-03
GSR Business Services,hiring_only,1,0,2,2025-12-03
Brave,hiring_only,1,0,2,2025-12-03
Tools for Humanity,hiring_only,1,0,2,2025-12-03
Masimo,hiring_only,1,0,2,2025-12-03
Rivian and VW Group Technology,hiring_only,1,0,2,2025-12-03
Coast Community College District,hiring_only,1,0,2,2025-12-03
IDMWORKS,hiring_only,1,0,2,2025-12-03
Careerlaunch,hiring_only,1,0,2,2025-12-03
Rapideagle,hiring_only,1,0,2,2025-12-03
Exelixis,hiring_only,1,0,2,2025-12-03
ATC,hiring_only,1,0,2,2025-12-03
Smithfield Foods,hiring_only,1,0,2,2025-12-03
Openkyber,hiring_only,1,0,2,2025-12-03
Weights & Biases,hiring_only,1,0,2,2025-12-03
RAPT THERAPEUTICS,hiring_only,1,0,2,2025-12-03
Milestone Technologies,hiring_only,1,0,2,2025-12-03
Ensemble Health Partners,hiring_only,1,0,2,2025-12-03
Terrestris Global Solutions,hiring_only,1,0,2,2025-12-03
Enterprise Knowledge,hiring_only,1,0,2,2025-12-03
Patronus AI,hiring_only,1,0,2,2025-12-03
Techwish,hiring_only,1,0,2,2025-12-03
Supernus Pharmaceuticals,hiring_only,1,0,2,2025-12-03
Artisan Partners,hiring_only,1,0,2,2025-12-03
Verkada,hiring_only,1,0,2,2025-12-03
Western New England University,hiring_only,1,0,2,2025-12-03
Filescom,hiring_only,1,0,2,2025-12-03
MedRisk,hiring_only,1,0,2,2025-12-03
UCLA,hiring_only,1,0,2,2025-12-03
BHG Financial,hiring_only,1,0,2,2025-12-03
Handshake AI,hiring_only,1,0,2,2025-12-03
Intel,hiring_only,1,0,2,2025-12-03
Moffitt Cancer Center,hiring_only,1,0,2,2025-12-03
Agency Cyber,hiring_only,1,0,2,2025-12-03
AEVEX,hiring_only,1,0,2,2025-12-03
EagleBank,hiring_only,1,0,2,2025-12-03
Fortinet,hiring_only,1,0,2,2025-12-03
bioStrategies Group,hiring_only,1,0,2,2025-12-03
R3 CONTINUUM,hiring_only,1,0,2,2025-12-03
Lams Technology,hiring_only,1,0,2,2025-12-03
Forrest T Jones & Company,hiring_only,1,0,2,2025-12-03
Global Solution Group,hiring_only,1,0,2,2025-12-03
Trapp Technology,hiring_only,1,0,2,2025-12-03
VA Simplified,hiring_only,1,0,2,2025-12-03
Expel,hiring_only,1,0,2,2025-12-03
Clickhouse,hiring_only,1,0,2,2025-12-03
AppLovin,hiring_only,1,0,2,2025-12-03
The Osen Hunter Group,hiring_only,1,0,2,2025-12-03
Secured Cyber,hiring_only,1,0,2,2025-12-03
Navat Technology,hiring_only,1,0,2,2025-12-03
Hyundai Capital America,hiring_only,1,0,2,2025-12-03
Radware,hiring_only,1,0,2,2025-12-03
Mainstay Enterprises,hiring_only,1,0,2,2025-12-03
KARMAI Consulting,hiring_only,1,0,2,2025-12-03
360 SOC,hiring_only,1,0,2,2025-12-03
Astera Institute,hiring_only,1,0,2,2025-12-03
Motorola Solutions,hiring_only,1,0,2,2025-12-03
FleetWorks,hiring_only,1,0,2,2025-12-03
Serve Robotics,hiring_only,1,0,2,2025-12-03
Tech Army,hiring_only,1,0,2,2025-12-03
i2c inc,hiring_only,1,0,2,2025-12-03
Doppel,hiring_only,1,0,2,2025-12-03
Corelight,hiring_only,1,0,2,2025-12-03
Panoptyc,hiring_only,1,0,2,2025-12-03
Asset Protection and Security,hiring_only,1,0,2,2025-12-03
Rosewood Hotel Group,hiring_only,1,0,2,2025-12-03
Constellis,hiring_only,1,0,2,2025-12-03
HighCom Security Services,hiring_only,1,0,2,2025-12-03
Four Seasons,hiring_only,1,0,2,2025-12-03
Cal State University CSU Monterey Bay,hiring_only,1,0,2,2025-12-03
Northeastern University,hiring_only,1,0,2,2025-12-03
Empower,hiring_only,1,0,2,2025-12-03
North East Medical Services,hiring_only,1,0,2,2025-12-03
G2 Secure Staff,hiring_only,1,0,2,2025-12-03
Acuity,hiring_only,1,0,2,2025-12-03
Central Unified School District,hiring_only,1,0,2,2025-12-03
Peach Finance,hiring_only,1,0,2,2025-12-03
CLEARWATER SECURITY & COMPLIANCE,hiring_only,1,0,2,2025-12-03
Proofpoint,hiring_only,1,0,2,2025-12-03
FHLBank San Francisco,hiring_only,1,0,2,2025-12-03
Boston Consulting Group,hiring_only,1,0,2,2025-12-03
CardWorks Servicing,hiring_only,1,0,2,2025-12-03
Gulf Winds Credit Union,hiring_only,1,0,2,2025-12-03
Accommodations Plus International,hiring_only,1,0,2,2025-12-03
Surescripts,hiring_only,1,0,2,2025-12-03
Capital One,hiring_only,1,0,2,2025-12-03
Per Scholas,hiring_only,1,0,2,2025-12-03
ALO,hiring_only,1,0,2,2025-12-03
Deckers Brands,hiring_only,1,0,2,2025-12-03
Zoox,hiring_only,1,0,2,2025-12-03
Archdiocese of San Francisco,hiring_only,1,0,2,2025-12-03
National Abortion Federation,hiring_only,1,0,2,2025-12-03
Podimetrics,hiring_only,1,0,2,2025-12-03
Skylight,hiring_only,1,0,2,2025-12-03
PagerDuty,hiring_only,1,0,2,2025-12-03
AMC Networks,hiring_only,1,0,2,2025-12-03
Lucky Chances,hiring_only,1,0,2,2025-12-03
MOLEDAO PTE LTD,hiring_only,1,0,2,2025-12-03
Northbay Healthcare,hiring_only,1,0,2,2025-12-03
Rivian,hiring_only,1,0,2,2025-12-03
Purpledrive technologies,hiring_only,1,0,2,2025-12-03
TeamUpdraft,hiring_only,1,0,2,2025-12-03
Cognita Imaging,hiring_only,1,0,2,2025-12-03
Cognition AI,hiring_only,1,0,2,2025-12-03
Cognition,hiring_only,1,0,2,2025-12-03
Moonlake,hiring_only,1,0,2,2025-12-03
Visa,hiring_only,1,0,2,2025-12-03
Federal Bureau of Investigation,hiring_only,1,0,2,2025-12-03
Agap Technologies,hiring_only,1,0,2,2025-12-03
Amogha Group,hiring_only,1,0,2,2025-12-03
Citadel Securities,hiring_only,1,0,2,2025-12-03
Sentra,hiring_only,1,0,2,2025-12-03
ProductNow,hiring_only,1,0,2,2025-12-03
Achira,hiring_only,1,0,2,2025-12-03
Roblox,hiring_only,1,0,2,2025-12-03
Cresta,hiring_only,1,0,2,2025-12-03
Stripe,hiring_only,1,0,2,2025-12-03
Esri,hiring_only,1,0,2,2025-12-03
Databricks,hiring_only,1,0,2,2025-12-03
Anthropic,hiring_only,1,0,2,2025-12-03
Wizinc,hiring_only,1,0,2,2025-12-03
Rubrik,hiring_only,1,0,2,2025-12-03
Guidepointsecurity,hiring_only,1,0,2,2025-12-03
Obsidiansecurity,hiring_only,1,0,2,2025-12-03
Abnormalsecurity,hiring_only,1,0,2,2025-12-03
Offchainlabs,hiring_only,1,0,2,2025-12-03
Palantir,hiring_only,1,0,2,2025-12-03
Nominal,hiring_only,1,0,2,2025-12-03
Includedhealth,hiring_only,1,0,2,2025-12-03
Jobgether,hiring_only,1,0,2,2025-12-03
Whoop,hiring_only,1,0,2,2025-12-03
Elfbeauty,hiring_only,1,0,2,2025-12-03
Galvanick,hiring_only,1,0,2,2025-12-03
Istaridigital.Ai,hiring_only,1,0,2,2025-12-03
Lumindigital,hiring_only,1,0,2,2025-12-03
Spear-Ai,hiring_only,1,0,2,2025-12-03
Tokenmetrics,hiring_only,1,0,2,2025-12-03
Qbio,hiring_only,1,0,2,2025-12-03
Uvcyber,hiring_only,1,0,2,2025-12-03
StackAI,hiring_only,1,0,2,2025-12-03
Casco,hiring_only,1,0,2,2025-12-03
Terra API,hiring_only,1,0,2,2025-12-03
Metriport,hiring_only,1,0,2,2025-12-03
MindFort,hiring_only,1,0,2,2025-12-03
Spline,hiring_only,1,0,2,2025-12-03
Archon,hiring_only,1,0,2,2025-12-03
Vapi,hiring_only,1,0,2,2025-12-03
Microsoft Security,talking_only,0,5,1,2025-12-03
Cisco Security,talking_only,0,2,1,2025-12-03
Check Point,talking_only,0,1,1,2025-12-03
