company_name,activity_type,role_count,post_count,priority_score,last_updated
CrowdStrike,both,1,5,3,2025-12-03
Palo Alto Networks,both,1,3,3,2025-12-03
Hive,hiring_only,2,0,2,2025-12-03
GoodRx,hiring_only,1,0,2,2025-12-03
Meta,hiring_only,1,0,2,2025-12-03
OpenAI,hiring_only,1,0,2,2025-12-03
PayPal,hiring_only,1,0,2,2025-12-03
Gallup,hiring_only,1,0,2,2025-12-03
Sendbird,hiring_only,1,0,2,2025-12-03
Airtable,hiring_only,1,0,2,2025-12-03
Anomali,hiring_only,1,0,2,2025-12-03
Rule4,hiring_only,1,0,2,2025-12-03
Integra Connect,hiring_only,1,0,2,2025-12-03
Veracyte,hiring_only,1,0,2,2025-12-03
ponyai,hiring_only,1,0,2,2025-12-03
xAI,hiring_only,1,0,2,2025-12-03
Thrive,hiring_only,1,0,2,2025-12-03
Netflix,hiring_only,1,0,2,2025-12-03
NVIDIA,hiring_only,1,0,2,2025-12-03
TikTok,hiring_only,1,0,2,2025-12-03
INVAR Technologies,hiring_only,1,0,2,2025-12-03
NuHarbor Security,hiring_only,1,0,2,2025-12-03
Happy Returns,hiring_only,1,0,2,2025-12-03
Wind River,hiring_only,1,0,2,2025-12-03
Crowell & Moring,hiring_only,1,0,2,2025-12-03
Skylight,hiring_only,1,0,2,2025-12-03
Foundant Technologies,hiring_only,1,0,2,2025-12-03
Stratascale,hiring_only,1,0,2,2025-12-03
Invoke,hiring_only,1,0,2,2025-12-03
Delve,hiring_only,1,0,2,2025-12-03
Accurate Background,hiring_only,1,0,2,2025-12-03
Apexon,hiring_only,1,0,2,2025-12-03
Applied Intuition,hiring_only,1,0,2,2025-12-03
Owner,hiring_only,1,0,2,2025-12-03
Four Seasons,hiring_only,1,0,2,2025-12-03
Storer Transportation,hiring_only,1,0,2,2025-12-03
Greenlight Group,hiring_only,1,0,2,2025-12-03
Quanata,hiring_only,1,0,2,2025-12-03
Nerdio,hiring_only,1,0,2,2025-12-03
CXM Direct,hiring_only,1,0,2,2025-12-03
Sacramento County Probation Department,hiring_only,1,0,2,2025-12-03
NowSecure,hiring_only,1,0,2,2025-12-03
Madcap Software,hiring_only,1,0,2,2025-12-03
Palantir Technologies,hiring_only,1,0,2,2025-12-03
Moveworksai,hiring_only,1,0,2,2025-12-03
SecurityPal,hiring_only,1,0,2,2025-12-03
Teledyne Technologies,hiring_only,1,0,2,2025-12-03
KPMG,hiring_only,1,0,2,2025-12-03
California Health and Human Services Office of,hiring_only,1,0,2,2025-12-03
Fortress Information Security,hiring_only,1,0,2,2025-12-03
Invoca,hiring_only,1,0,2,2025-12-03
Forrest T Jones & Company,hiring_only,1,0,2,2025-12-03
Moore,hiring_only,1,0,2,2025-12-03
Synack,hiring_only,1,0,2,2025-12-03
VISTRADA,hiring_only,1,0,2,2025-12-03
Contact Government Services,hiring_only,1,0,2,2025-12-03
BakerHostetler,hiring_only,1,0,2,2025-12-03
IT EngagementsInc,hiring_only,1,0,2,2025-12-03
Quanta Manufacturing Fremont,hiring_only,1,0,2,2025-12-03
Q Bio,hiring_only,1,0,2,2025-12-03
Department of General Services,hiring_only,1,0,2,2025-12-03
Pivotal Consulting,hiring_only,1,0,2,2025-12-03
Rivet Industries,hiring_only,1,0,2,2025-12-03
NEW CARROT FARMS,hiring_only,1,0,2,2025-12-03
Wix,hiring_only,1,0,2,2025-12-03
RKON,hiring_only,1,0,2,2025-12-03
Coalfire,hiring_only,1,0,2,2025-12-03
Integral,hiring_only,1,0,2,2025-12-03
Center For Internet Security,hiring_only,1,0,2,2025-12-03
SHI International,hiring_only,1,0,2,2025-12-03
ZBeta Consulting,hiring_only,1,0,2,2025-12-03
Trimble,hiring_only,1,0,2,2025-12-03
ADRM,hiring_only,1,0,2,2025-12-03
Rubrik Security Cloud,hiring_only,1,0,2,2025-12-03
Meriplex,hiring_only,1,0,2,2025-12-03
Asana,hiring_only,1,0,2,2025-12-03
Data Path,hiring_only,1,0,2,2025-12-03
Minted,hiring_only,1,0,2,2025-12-03
Leidos,hiring_only,1,0,2,2025-12-03
Merlin International,hiring_only,1,0,2,2025-12-03
Noble Federal Credit Union,hiring_only,1,0,2,2025-12-03
Take-Two Interactive Software,hiring_only,1,0,2,2025-12-03
DATAPRISE,hiring_only,1,0,2,2025-12-03
DISRUPTIVE SOLUTIONS,hiring_only,1,0,2,2025-12-03
Defiant Inc dba Wordfence,hiring_only,1,0,2,2025-12-03
Egnyte,hiring_only,1,0,2,2025-12-03
DeepSeas,hiring_only,1,0,2,2025-12-03
Flex Employee Services,hiring_only,1,0,2,2025-12-03
Abnormal,hiring_only,1,0,2,2025-12-03
BeyondTrust,hiring_only,1,0,2,2025-12-03
Dental Intelligence,hiring_only,1,0,2,2025-12-03
Bulletproof Solutions,hiring_only,1,0,2,2025-12-03
TotalCyber Consulting,hiring_only,1,0,2,2025-12-03
Tec-Tel,hiring_only,1,0,2,2025-12-03
Fortinet,hiring_only,1,0,2,2025-12-03
Dropbox,hiring_only,1,0,2,2025-12-03
Pure Storage,hiring_only,1,0,2,2025-12-03
Acadia Healthcare,hiring_only,1,0,2,2025-12-03
The Sunrock Group,hiring_only,1,0,2,2025-12-03
Gartner,hiring_only,1,0,2,2025-12-03
UT Southwestern,hiring_only,1,0,2,2025-12-03
Vanguard,hiring_only,1,0,2,2025-12-03
T-Mobile USA,hiring_only,1,0,2,2025-12-03
Crusoe,hiring_only,1,0,2,2025-12-03
InMarket,hiring_only,1,0,2,2025-12-03
Aprio,hiring_only,1,0,2,2025-12-03
Federal Bureau of Investigation,hiring_only,1,0,2,2025-12-03
Cryptocom,hiring_only,1,0,2,2025-12-03
Saildrone,hiring_only,1,0,2,2025-12-03
Global Secure 3,hiring_only,1,0,2,2025-12-03
AppLovin,hiring_only,1,0,2,2025-12-03
Kentech Consulting,hiring_only,1,0,2,2025-12-03
BlueAlly,hiring_only,1,0,2,2025-12-03
Ansible Government Solutions,hiring_only,1,0,2,2025-12-03
Quantaleap,hiring_only,1,0,2,2025-12-03
Comply,hiring_only,1,0,2,2025-12-03
Authentic8,hiring_only,1,0,2,2025-12-03
VivSoft Technologies,hiring_only,1,0,2,2025-12-03
Slingshot Aerospace,hiring_only,1,0,2,2025-12-03
Avaya,hiring_only,1,0,2,2025-12-03
Aqua Security,hiring_only,1,0,2,2025-12-03
Gocious,hiring_only,1,0,2,2025-12-03
Barrow Wise Consulting,hiring_only,1,0,2,2025-12-03
Mark43,hiring_only,1,0,2,2025-12-03
Outerbounds,hiring_only,1,0,2,2025-12-03
STP,hiring_only,1,0,2,2025-12-03
A-TEK,hiring_only,1,0,2,2025-12-03
Tricon Solutions,hiring_only,1,0,2,2025-12-03
Sparibis,hiring_only,1,0,2,2025-12-03
The Management Trust,hiring_only,1,0,2,2025-12-03
Replit,hiring_only,1,0,2,2025-12-03
Sutter Health,hiring_only,1,0,2,2025-12-03
UCSF Health,hiring_only,1,0,2,2025-12-03
Lucid Motors,hiring_only,1,0,2,2025-12-03
Blackwood Associates,hiring_only,1,0,2,2025-12-03
Astranis,hiring_only,1,0,2,2025-12-03
Joint Research and Development,hiring_only,1,0,2,2025-12-03
Exlog Global,hiring_only,1,0,2,2025-12-03
Pfc Safeguards,hiring_only,1,0,2,2025-12-03
Asset Protection and Security,hiring_only,1,0,2,2025-12-03
AMC Networks,hiring_only,1,0,2,2025-12-03
Carolina Panthers,hiring_only,1,0,2,2025-12-03
Control Risks,hiring_only,1,0,2,2025-12-03
ZeroFox,hiring_only,1,0,2,2025-12-03
Group 1001,hiring_only,1,0,2,2025-12-03
Secure Community Network,hiring_only,1,0,2,2025-12-03
Aegis AI,hiring_only,1,0,2,2025-12-03
Elliptic,hiring_only,1,0,2,2025-12-03
M20 Associates,hiring_only,1,0,2,2025-12-03
VTG,hiring_only,1,0,2,2025-12-03
Strava,hiring_only,1,0,2,2025-12-03
black lantern security,hiring_only,1,0,2,2025-12-03
FlexIT,hiring_only,1,0,2,2025-12-03
Versant Health,hiring_only,1,0,2,2025-12-03
General Dynamics Information Technology,hiring_only,1,0,2,2025-12-03
MEDuvi,hiring_only,1,0,2,2025-12-03
Edgewater Federal Solutions,hiring_only,1,0,2,2025-12-03
AAC,hiring_only,1,0,2,2025-12-03
Robinhood,hiring_only,1,0,2,2025-12-03
Delan Associates,hiring_only,1,0,2,2025-12-03
Trapp Technology,hiring_only,1,0,2,2025-12-03
Mican Technologies,hiring_only,1,0,2,2025-12-03
Rivian and VW Group Technology,hiring_only,1,0,2,2025-12-03
Cyclotron,hiring_only,1,0,2,2025-12-03
Cloud Security Services,hiring_only,1,0,2,2025-12-03
Global Guardian,hiring_only,1,0,2,2025-12-03
Keelson Strategic,hiring_only,1,0,2,2025-12-03
Saviynt,hiring_only,1,0,2,2025-12-03
Monterey Peninsula College,hiring_only,1,0,2,2025-12-03
Rosewood Hotel Group,hiring_only,1,0,2,2025-12-03
Roblox,hiring_only,1,0,2,2025-12-03
Datadog,hiring_only,1,0,2,2025-12-03
Databricks,hiring_only,1,0,2,2025-12-03
Cresta,hiring_only,1,0,2,2025-12-03
Esri,hiring_only,1,0,2,2025-12-03
Stripe,hiring_only,1,0,2,2025-12-03
Wizinc,hiring_only,1,0,2,2025-12-03
Anthropic,hiring_only,1,0,2,2025-12-03
Rubrik,hiring_only,1,0,2,2025-12-03
Guidepointsecurity,hiring_only,1,0,2,2025-12-03
Obsidiansecurity,hiring_only,1,0,2,2025-12-03
Okta,hiring_only,1,0,2,2025-12-03
Abnormalsecurity,hiring_only,1,0,2,2025-12-03
Offchainlabs,hiring_only,1,0,2,2025-12-03
Includedhealth,hiring_only,1,0,2,2025-12-03
Whoop,hiring_only,1,0,2,2025-12-03
Nominal,hiring_only,1,0,2,2025-12-03
Palantir,hiring_only,1,0,2,2025-12-03
Aledade,hiring_only,1,0,2,2025-12-03
Olo,hiring_only,1,0,2,2025-12-03
Saronic,hiring_only,1,0,2,2025-12-03
Lumindigital,hiring_only,1,0,2,2025-12-03
Istaridigital.Ai,hiring_only,1,0,2,2025-12-03
Jobgether,hiring_only,1,0,2,2025-12-03
Spear-Ai,hiring_only,1,0,2,2025-12-03
Tokenmetrics,hiring_only,1,0,2,2025-12-03
Qbio,hiring_only,1,0,2,2025-12-03
Uvcyber,hiring_only,1,0,2,2025-12-03
Galaxy,hiring_only,1,0,2,2025-12-03
SUSE,hiring_only,1,0,2,2025-12-03
Gensyn,hiring_only,1,0,2,2025-12-03
Remote Senior Staff Security Engineer,hiring_only,1,0,2,2025-12-03
Scribd,hiring_only,1,0,2,2025-12-03
FortyNorth Security,hiring_only,1,0,2,2025-12-03
Spear AI,hiring_only,1,0,2,2025-12-03
Trace3,hiring_only,1,0,2,2025-12-03
Marketerx,hiring_only,1,0,2,2025-12-03
Intellisync SRL,hiring_only,1,0,2,2025-12-03
Microsoft Security,talking_only,0,5,1,2025-12-03
Cisco Security,talking_only,0,2,1,2025-12-03
Check Point,talking_only,0,1,1,2025-12-03
